"NumeroResultat";"NumeroInscription";"Note"
1;"1";"17.9"
2;"1";"15.9"
3;"1";"15.28"
4;"1";"15.09"
5;"1";"16.41"
6;"1";"15.24"
7;"2";"16.33"
8;"2";"16.2"
9;"2";"19.22"
10;"2";"17.53"
11;"2";"16.93"
12;"2";"19.51"
13;"2";"15.63"
14;"3";"5.88"
15;"3";"8.68"
16;"3";"6.18"
17;"3";"8.39"
18;"3";"8.26"
19;"3";"9.03"
20;"4";"9.71"
21;"4";"7.73"
22;"4";"9.96"
23;"4";"6.61"
24;"4";"9.78"
25;"5";"19.24"
26;"5";"18.42"
27;"5";"18.32"
28;"5";"16.48"
29;"5";"17.39"
30;"5";"19.69"
31;"6";"18.62"
32;"6";"18.46"
33;"6";"18.11"
34;"6";"17.02"
35;"6";"18.32"
36;"6";"17.24"
37;"6";"15.36"
38;"6";"17.2"
39;"7";"11.36"
40;"7";"13.72"
41;"7";"13.67"
42;"7";"12.84"
43;"7";"13.8"
44;"7";"14.22"
45;"7";"10.78"
46;"7";"13.94"
47;"8";"13.89"
48;"8";"13.08"
49;"8";"10.66"
50;"8";"11.71"
51;"8";"10.04"
52;"8";"13.37"
53;"8";"14.46"
54;"9";"2.81"
55;"9";"1.6"
56;"9";"0.37"
57;"9";"0.96"
58;"9";"3.81"
59;"9";"2.98"
60;"10";"11.81"
61;"10";"11.85"
62;"10";"10.3"
63;"10";"11.34"
64;"10";"10.03"
65;"11";"12.68"
66;"11";"11.35"
67;"11";"13.2"
68;"11";"12.99"
69;"11";"11.19"
70;"11";"13.1"
71;"12";"14.81"
72;"12";"11.16"
73;"12";"10.95"
74;"12";"10.78"
75;"12";"14.54"
76;"12";"10.67"
77;"12";"11.66"
78;"13";"11.91"
79;"13";"10.02"
80;"13";"11.48"
81;"13";"12.55"
82;"13";"12.08"
83;"13";"12.56"
84;"13";"14.6"
85;"13";"12.73"
86;"14";"11.74"
87;"14";"13.23"
88;"14";"12.51"
89;"14";"11.67"
90;"14";"13.39"
91;"14";"11.22"
92;"14";"12.21"
93;"14";"13.92"
94;"15";"10.85"
95;"15";"14.47"
96;"15";"12.68"
97;"15";"14.52"
98;"15";"13.54"
99;"15";"12.23"
100;"16";"17.3"
101;"16";"16.38"
102;"16";"16.62"
103;"16";"15.02"
104;"17";"10.39"
105;"17";"13.65"
106;"17";"10.55"
107;"17";"14.02"
108;"17";"14.91"
109;"18";"15.48"
110;"18";"18.27"
111;"18";"17.86"
112;"18";"16.66"
113;"18";"16.39"
114;"19";"13.25"
115;"19";"14.41"
116;"19";"10.6"
117;"19";"10.78"
118;"19";"11.26"
119;"19";"11.68"
120;"20";"12.88"
121;"20";"11.61"
122;"20";"12.99"
123;"20";"11.2"
124;"21";"14.77"
125;"21";"13.51"
126;"21";"10.63"
127;"21";"13.35"
128;"21";"14.48"
129;"21";"12.32"
130;"21";"13.79"
131;"21";"12.66"
132;"22";"4.34"
133;"22";"1.23"
134;"22";"1.19"
135;"22";"0.59"
136;"22";"0.16"
137;"23";"12.86"
138;"23";"14.29"
139;"23";"11.57"
140;"23";"14.82"
141;"23";"10.59"
142;"23";"14.15"
143;"23";"11.56"
144;"23";"11.0"
145;"24";"11.25"
146;"24";"11.84"
147;"24";"12.89"
148;"24";"14.31"
149;"24";"13.65"
150;"24";"10.01"
151;"25";"18.76"
152;"25";"19.16"
153;"25";"18.89"
154;"25";"16.94"
155;"25";"15.48"
156;"25";"15.0"
157;"25";"16.54"
158;"26";"12.99"
159;"26";"13.06"
160;"26";"10.65"
161;"26";"11.69"
162;"26";"13.08"
163;"26";"13.65"
164;"26";"13.16"
165;"27";"13.31"
166;"27";"10.9"
167;"27";"13.69"
168;"27";"10.21"
169;"28";"13.82"
170;"28";"11.62"
171;"28";"10.64"
172;"28";"13.2"
173;"28";"10.43"
174;"29";"11.4"
175;"29";"14.16"
176;"29";"12.92"
177;"29";"14.63"
178;"30";"15.11"
179;"30";"15.18"
180;"30";"15.42"
181;"30";"18.22"
182;"30";"17.7"
183;"30";"18.23"
184;"30";"17.6"
185;"30";"19.35"
186;"31";"3.52"
187;"31";"1.26"
188;"31";"0.98"
189;"31";"1.84"
190;"31";"2.8"
191;"31";"2.36"
192;"31";"4.71"
193;"31";"1.5"
194;"32";"13.08"
195;"32";"14.55"
196;"32";"14.74"
197;"32";"14.58"
198;"33";"10.49"
199;"33";"14.48"
200;"33";"11.57"
201;"33";"11.55"
202;"33";"10.83"
203;"33";"10.26"
204;"33";"11.97"
205;"33";"11.47"
206;"34";"3.83"
207;"34";"4.71"
208;"34";"1.21"
209;"34";"0.94"
210;"34";"3.41"
211;"34";"1.16"
212;"34";"4.05"
213;"35";"13.38"
214;"35";"12.24"
215;"35";"12.61"
216;"35";"11.64"
217;"35";"13.12"
218;"36";"15.93"
219;"36";"15.06"
220;"36";"15.23"
221;"36";"16.63"
222;"36";"19.18"
223;"36";"15.18"
224;"36";"16.64"
225;"37";"8.69"
226;"37";"9.67"
227;"37";"6.96"
228;"37";"6.65"
229;"37";"9.27"
230;"37";"9.01"
231;"37";"9.09"
232;"38";"11.67"
233;"38";"11.22"
234;"38";"11.72"
235;"38";"12.78"
236;"39";"15.72"
237;"39";"15.13"
238;"39";"15.46"
239;"39";"18.0"
240;"39";"16.4"
241;"39";"18.83"
242;"39";"19.12"
243;"40";"8.79"
244;"40";"7.33"
245;"40";"9.36"
246;"40";"8.48"
247;"40";"6.93"
248;"40";"9.88"
249;"40";"9.3"
250;"40";"8.76"
251;"41";"12.33"
252;"41";"11.48"
253;"41";"11.35"
254;"41";"12.32"
255;"42";"7.89"
256;"42";"9.03"
257;"42";"6.39"
258;"42";"6.31"
259;"42";"9.57"
260;"42";"6.91"
261;"43";"11.07"
262;"43";"12.65"
263;"43";"10.52"
264;"43";"12.97"
265;"43";"10.94"
266;"43";"14.28"
267;"43";"11.45"
268;"43";"14.0"
269;"44";"14.84"
270;"44";"12.67"
271;"44";"10.53"
272;"44";"10.24"
273;"44";"14.93"
274;"44";"13.11"
275;"44";"13.2"
276;"44";"10.67"
277;"45";"12.64"
278;"45";"13.95"
279;"45";"14.21"
280;"45";"14.08"
281;"45";"13.84"
282;"45";"12.64"
283;"45";"11.71"
284;"45";"14.86"
285;"46";"10.23"
286;"46";"10.47"
287;"46";"14.02"
288;"46";"13.2"
289;"46";"14.89"
290;"46";"12.43"
291;"47";"14.07"
292;"47";"12.29"
293;"47";"14.94"
294;"47";"11.88"
295;"47";"13.45"
296;"47";"14.76"
297;"47";"13.74"
298;"47";"12.54"
299;"48";"18.23"
300;"48";"16.7"
301;"48";"18.47"
302;"48";"18.92"
303;"48";"19.51"
304;"48";"19.65"
305;"48";"19.43"
306;"48";"18.43"
307;"49";"12.04"
308;"49";"10.37"
309;"49";"13.42"
310;"49";"12.15"
311;"49";"10.54"
312;"49";"11.73"
313;"50";"16.45"
314;"50";"15.36"
315;"50";"17.43"
316;"50";"16.73"
317;"50";"16.5"
318;"50";"18.73"
319;"50";"17.23"
320;"50";"16.15"
321;"51";"14.71"
322;"51";"13.66"
323;"51";"12.88"
324;"51";"11.32"
325;"51";"11.71"
326;"51";"13.67"
327;"51";"13.58"
328;"51";"14.04"
329;"52";"6.42"
330;"52";"6.55"
331;"52";"8.79"
332;"52";"6.71"
333;"53";"17.64"
334;"53";"19.77"
335;"53";"18.62"
336;"53";"18.01"
337;"54";"9.85"
338;"54";"9.85"
339;"54";"9.6"
340;"54";"8.17"
341;"54";"5.2"
342;"54";"7.76"
343;"54";"9.77"
344;"54";"9.87"
345;"55";"13.97"
346;"55";"10.36"
347;"55";"13.28"
348;"55";"10.51"
349;"56";"14.63"
350;"56";"12.27"
351;"56";"10.1"
352;"56";"13.81"
353;"56";"10.97"
354;"56";"12.67"
355;"56";"12.48"
356;"57";"19.16"
357;"57";"19.56"
358;"57";"16.8"
359;"57";"15.58"
360;"57";"18.44"
361;"57";"17.47"
362;"57";"17.13"
363;"58";"13.9"
364;"58";"14.41"
365;"58";"10.04"
366;"58";"13.68"
367;"59";"16.3"
368;"59";"17.58"
369;"59";"16.96"
370;"59";"16.96"
371;"60";"11.21"
372;"60";"10.6"
373;"60";"14.93"
374;"60";"12.53"
375;"60";"14.62"
376;"60";"10.4"
377;"61";"2.68"
378;"61";"4.56"
379;"61";"4.72"
380;"61";"3.3"
381;"61";"3.43"
382;"62";"9.92"
383;"62";"5.26"
384;"62";"6.7"
385;"62";"6.51"
386;"62";"6.98"
387;"62";"8.19"
388;"62";"6.77"
389;"63";"16.34"
390;"63";"17.88"
391;"63";"15.35"
392;"63";"19.75"
393;"63";"19.96"
394;"63";"17.7"
395;"63";"16.52"
396;"64";"16.49"
397;"64";"19.55"
398;"64";"15.89"
399;"64";"17.83"
400;"64";"19.69"
401;"64";"16.77"
402;"65";"7.93"
403;"65";"8.14"
404;"65";"8.38"
405;"65";"9.2"
406;"66";"8.67"
407;"66";"9.55"
408;"66";"6.01"
409;"66";"9.02"
410;"66";"7.64"
411;"66";"9.48"
412;"66";"5.36"
413;"66";"8.84"
414;"67";"13.77"
415;"67";"13.15"
416;"67";"12.12"
417;"67";"11.87"
418;"67";"13.78"
419;"67";"11.42"
420;"67";"11.64"
421;"68";"14.2"
422;"68";"10.94"
423;"68";"12.89"
424;"68";"10.49"
425;"68";"13.43"
426;"68";"13.7"
427;"68";"10.62"
428;"69";"10.63"
429;"69";"12.28"
430;"69";"11.26"
431;"69";"12.26"
432;"70";"16.14"
433;"70";"18.15"
434;"70";"19.92"
435;"70";"17.47"
436;"70";"15.02"
437;"71";"13.02"
438;"71";"14.38"
439;"71";"11.61"
440;"71";"12.26"
441;"71";"11.03"
442;"71";"11.8"
443;"72";"15.79"
444;"72";"17.87"
445;"72";"17.35"
446;"72";"17.34"
447;"72";"18.62"
448;"73";"11.15"
449;"73";"11.71"
450;"73";"11.64"
451;"73";"12.54"
452;"73";"14.44"
453;"73";"11.96"
454;"73";"14.12"
455;"73";"10.68"
456;"74";"4.95"
457;"74";"3.38"
458;"74";"4.45"
459;"74";"4.31"
460;"74";"3.42"
461;"74";"1.33"
462;"75";"14.48"
463;"75";"12.88"
464;"75";"14.05"
465;"75";"11.18"
466;"76";"8.62"
467;"76";"8.99"
468;"76";"6.03"
469;"76";"8.04"
470;"76";"7.87"
471;"76";"8.15"
472;"76";"5.96"
473;"77";"16.93"
474;"77";"18.69"
475;"77";"16.14"
476;"77";"18.4"
477;"77";"16.95"
478;"78";"10.4"
479;"78";"13.26"
480;"78";"13.14"
481;"78";"12.14"
482;"78";"10.16"
483;"78";"10.05"
484;"78";"12.02"
485;"78";"10.35"
486;"79";"10.8"
487;"79";"13.94"
488;"79";"12.82"
489;"79";"12.11"
490;"79";"12.53"
491;"80";"19.13"
492;"80";"16.77"
493;"80";"15.61"
494;"80";"19.09"
495;"81";"11.17"
496;"81";"11.53"
497;"81";"10.8"
498;"81";"14.55"
499;"81";"10.72"
500;"81";"11.09"
501;"81";"13.44"
502;"81";"13.19"
503;"82";"9.95"
504;"82";"7.11"
505;"82";"9.99"
506;"82";"6.58"
507;"82";"5.02"
508;"83";"15.48"
509;"83";"19.69"
510;"83";"19.85"
511;"83";"19.84"
512;"84";"18.99"
513;"84";"18.34"
514;"84";"19.43"
515;"84";"19.91"
516;"85";"3.87"
517;"85";"4.46"
518;"85";"4.87"
519;"85";"4.61"
520;"85";"4.86"
521;"85";"3.14"
522;"85";"1.66"
523;"85";"1.19"
524;"86";"11.68"
525;"86";"13.31"
526;"86";"10.95"
527;"86";"10.64"
528;"86";"11.8"
529;"87";"18.09"
530;"87";"16.51"
531;"87";"15.85"
532;"87";"15.1"
533;"87";"18.95"
534;"87";"19.11"
535;"87";"16.22"
536;"87";"16.11"
537;"88";"13.43"
538;"88";"14.93"
539;"88";"11.64"
540;"88";"10.9"
541;"88";"12.77"
542;"88";"10.61"
543;"88";"12.39"
544;"88";"10.93"
545;"89";"10.08"
546;"89";"14.71"
547;"89";"13.16"
548;"89";"14.07"
549;"89";"14.63"
550;"90";"14.37"
551;"90";"11.1"
552;"90";"13.83"
553;"90";"14.81"
554;"90";"12.03"
555;"90";"12.2"
556;"90";"13.1"
557;"91";"12.86"
558;"91";"14.21"
559;"91";"14.85"
560;"91";"14.46"
561;"91";"12.96"
562;"91";"13.38"
563;"91";"11.03"
564;"91";"14.95"
565;"92";"11.85"
566;"92";"11.55"
567;"92";"13.88"
568;"92";"11.93"
569;"92";"10.19"
570;"92";"13.6"
571;"92";"12.9"
572;"92";"13.15"
573;"93";"10.52"
574;"93";"13.87"
575;"93";"10.21"
576;"93";"13.36"
577;"93";"12.71"
578;"94";"19.03"
579;"94";"16.06"
580;"94";"18.97"
581;"94";"19.27"
582;"94";"18.45"
583;"94";"18.47"
584;"94";"15.34"
585;"95";"12.44"
586;"95";"10.11"
587;"95";"10.78"
588;"95";"14.35"
589;"96";"1.61"
590;"96";"2.57"
591;"96";"3.09"
592;"96";"1.32"
593;"96";"4.09"
594;"96";"3.46"
595;"96";"3.0"
596;"96";"3.38"
597;"97";"13.62"
598;"97";"12.73"
599;"97";"14.75"
600;"97";"11.33"
601;"97";"11.76"
602;"97";"13.09"
603;"97";"11.31"
604;"98";"5.6"
605;"98";"9.7"
606;"98";"5.58"
607;"98";"5.33"
608;"98";"9.51"
609;"98";"9.13"
610;"98";"7.81"
611;"98";"5.61"
612;"99";"7.39"
613;"99";"6.79"
614;"99";"5.51"
615;"99";"8.43"
616;"99";"9.13"
617;"99";"6.19"
618;"100";"12.43"
619;"100";"14.82"
620;"100";"10.54"
621;"100";"11.88"
622;"100";"12.52"
623;"101";"6.04"
624;"101";"9.31"
625;"101";"6.74"
626;"101";"9.06"
627;"101";"8.66"
628;"101";"6.3"
629;"101";"9.09"
630;"102";"11.57"
631;"102";"13.48"
632;"102";"13.33"
633;"102";"13.21"
634;"102";"14.59"
635;"103";"14.33"
636;"103";"14.7"
637;"103";"10.61"
638;"103";"14.38"
639;"104";"5.5"
640;"104";"6.53"
641;"104";"8.78"
642;"104";"5.96"
643;"104";"6.32"
644;"104";"6.95"
645;"105";"18.47"
646;"105";"15.95"
647;"105";"16.19"
648;"105";"18.63"
649;"105";"19.95"
650;"105";"16.02"
651;"106";"14.39"
652;"106";"12.57"
653;"106";"14.05"
654;"106";"12.73"
655;"106";"13.24"
656;"107";"13.45"
657;"107";"12.77"
658;"107";"11.36"
659;"107";"12.65"
660;"107";"14.73"
661;"108";"17.66"
662;"108";"18.69"
663;"108";"16.84"
664;"108";"19.24"
665;"108";"15.19"
666;"108";"15.91"
667;"108";"18.99"
668;"109";"13.6"
669;"109";"13.43"
670;"109";"14.36"
671;"109";"14.95"
672;"109";"11.81"
673;"109";"10.62"
674;"110";"12.65"
675;"110";"14.7"
676;"110";"13.9"
677;"110";"10.22"
678;"111";"12.22"
679;"111";"10.6"
680;"111";"14.92"
681;"111";"11.99"
682;"111";"12.94"
683;"111";"14.83"
684;"111";"13.77"
685;"111";"14.41"
686;"112";"17.25"
687;"112";"15.8"
688;"112";"19.47"
689;"112";"18.83"
690;"113";"19.62"
691;"113";"18.59"
692;"113";"15.68"
693;"113";"18.98"
694;"114";"15.84"
695;"114";"17.38"
696;"114";"18.56"
697;"114";"19.32"
698;"114";"18.93"
699;"114";"19.36"
700;"114";"18.92"
701;"114";"15.37"
702;"115";"18.08"
703;"115";"16.64"
704;"115";"16.57"
705;"115";"17.45"
706;"116";"12.38"
707;"116";"13.88"
708;"116";"13.36"
709;"116";"12.5"
710;"116";"10.21"
711;"116";"12.84"
712;"116";"14.18"
713;"116";"13.22"
714;"117";"6.45"
715;"117";"7.04"
716;"117";"5.1"
717;"117";"9.5"
718;"118";"18.54"
719;"118";"16.45"
720;"118";"19.7"
721;"118";"15.01"
722;"118";"17.22"
723;"118";"17.23"
724;"118";"16.67"
725;"118";"15.93"
726;"119";"13.98"
727;"119";"11.28"
728;"119";"12.24"
729;"119";"13.73"
730;"119";"13.49"
731;"120";"15.7"
732;"120";"17.12"
733;"120";"19.57"
734;"120";"16.71"
735;"121";"10.81"
736;"121";"14.35"
737;"121";"10.98"
738;"121";"10.14"
739;"121";"13.54"
740;"121";"10.45"
741;"122";"13.96"
742;"122";"10.19"
743;"122";"12.43"
744;"122";"14.42"
745;"122";"10.38"
746;"123";"5.09"
747;"123";"7.66"
748;"123";"9.29"
749;"123";"7.41"
750;"124";"18.62"
751;"124";"15.39"
752;"124";"18.89"
753;"124";"16.21"
754;"125";"2.73"
755;"125";"4.29"
756;"125";"3.04"
757;"125";"1.98"
758;"125";"0.97"
759;"125";"1.42"
760;"125";"3.59"
761;"125";"1.63"
762;"126";"11.2"
763;"126";"11.87"
764;"126";"11.48"
765;"126";"13.9"
766;"126";"14.24"
767;"127";"10.12"
768;"127";"13.67"
769;"127";"13.56"
770;"127";"12.85"
771;"127";"14.9"
772;"127";"13.23"
773;"127";"10.59"
774;"127";"12.59"
775;"128";"8.14"
776;"128";"8.73"
777;"128";"7.0"
778;"128";"8.43"
779;"129";"14.55"
780;"129";"14.76"
781;"129";"13.52"
782;"129";"10.45"
783;"129";"10.69"
784;"129";"10.65"
785;"129";"11.8"
786;"130";"10.01"
787;"130";"12.68"
788;"130";"14.28"
789;"130";"14.84"
790;"131";"2.97"
791;"131";"1.5"
792;"131";"3.85"
793;"131";"4.72"
794;"131";"4.86"
795;"132";"16.54"
796;"132";"19.51"
797;"132";"16.88"
798;"132";"19.88"
799;"133";"9.82"
800;"133";"8.42"
801;"133";"6.73"
802;"133";"6.48"
803;"133";"8.17"
804;"133";"5.27"
805;"133";"9.26"
806;"133";"6.64"
807;"134";"11.1"
808;"134";"13.07"
809;"134";"12.24"
810;"134";"14.48"
811;"134";"11.04"
812;"135";"17.64"
813;"135";"17.39"
814;"135";"16.85"
815;"135";"19.15"
816;"135";"16.05"
817;"135";"16.82"
818;"135";"15.62"
819;"135";"18.38"
820;"136";"16.99"
821;"136";"15.34"
822;"136";"15.85"
823;"136";"17.05"
824;"137";"19.21"
825;"137";"18.53"
826;"137";"19.71"
827;"137";"15.96"
828;"137";"17.85"
829;"137";"17.01"
830;"137";"18.74"
831;"138";"17.54"
832;"138";"18.04"
833;"138";"18.78"
834;"138";"15.31"
835;"138";"19.11"
836;"138";"16.86"
837;"138";"15.0"
838;"138";"18.87"
839;"139";"4.04"
840;"139";"2.29"
841;"139";"0.57"
842;"139";"1.53"
843;"139";"0.37"
844;"140";"14.14"
845;"140";"10.71"
846;"140";"10.06"
847;"140";"10.64"
848;"140";"11.18"
849;"140";"11.69"
850;"140";"13.3"
851;"140";"10.03"
852;"141";"12.85"
853;"141";"13.2"
854;"141";"13.13"
855;"141";"12.37"
856;"141";"12.55"
857;"141";"13.14"
858;"142";"11.64"
859;"142";"10.63"
860;"142";"10.53"
861;"142";"11.77"
862;"142";"10.2"
863;"143";"19.23"
864;"143";"19.92"
865;"143";"18.4"
866;"143";"18.04"
867;"143";"16.44"
868;"143";"15.62"
869;"143";"18.65"
870;"144";"13.64"
871;"144";"14.74"
872;"144";"14.47"
873;"144";"11.48"
874;"144";"12.47"
875;"144";"12.42"
876;"144";"14.45"
877;"145";"11.38"
878;"145";"14.87"
879;"145";"12.12"
880;"145";"14.84"
881;"145";"10.56"
882;"145";"12.85"
883;"145";"10.92"
884;"146";"16.55"
885;"146";"15.06"
886;"146";"15.5"
887;"146";"15.11"
888;"146";"15.68"
889;"146";"19.55"
890;"147";"18.2"
891;"147";"16.52"
892;"147";"18.51"
893;"147";"19.65"
894;"147";"15.45"
895;"148";"12.2"
896;"148";"14.56"
897;"148";"13.25"
898;"148";"13.62"
899;"148";"10.93"
900;"148";"12.49"
901;"148";"13.36"
902;"148";"12.94"
903;"149";"14.72"
904;"149";"11.59"
905;"149";"12.39"
906;"149";"14.98"
907;"149";"12.75"
908;"149";"11.56"
909;"150";"12.95"
910;"150";"11.94"
911;"150";"12.43"
912;"150";"13.41"
913;"150";"10.02"
914;"150";"12.03"
915;"150";"13.13"
916;"151";"16.9"
917;"151";"16.82"
918;"151";"17.05"
919;"151";"18.81"
920;"151";"15.62"
921;"151";"15.77"
922;"152";"17.4"
923;"152";"19.62"
924;"152";"15.28"
925;"152";"17.36"
926;"152";"15.24"
927;"152";"19.73"
928;"152";"18.54"
929;"153";"12.59"
930;"153";"10.56"
931;"153";"10.59"
932;"153";"14.77"
933;"154";"19.08"
934;"154";"16.81"
935;"154";"19.82"
936;"154";"19.16"
937;"154";"15.81"
938;"154";"15.07"
939;"154";"19.97"
940;"155";"17.32"
941;"155";"16.42"
942;"155";"19.01"
943;"155";"16.39"
944;"156";"10.01"
945;"156";"14.39"
946;"156";"12.76"
947;"156";"14.62"
948;"156";"12.43"
949;"157";"14.91"
950;"157";"10.12"
951;"157";"12.31"
952;"157";"10.1"
953;"157";"12.22"
954;"157";"11.78"
955;"158";"11.98"
956;"158";"12.22"
957;"158";"11.93"
958;"158";"13.28"
959;"158";"11.91"
960;"158";"12.6"
961;"159";"10.78"
962;"159";"14.17"
963;"159";"13.7"
964;"159";"10.98"
965;"160";"17.39"
966;"160";"17.41"
967;"160";"16.79"
968;"160";"18.43"
969;"160";"18.0"
970;"160";"18.67"
971;"160";"18.52"
972;"160";"18.76"
973;"161";"13.13"
974;"161";"14.87"
975;"161";"13.21"
976;"161";"13.02"
977;"161";"11.96"
978;"161";"13.54"
979;"162";"16.96"
980;"162";"18.27"
981;"162";"15.93"
982;"162";"17.2"
983;"162";"15.99"
984;"163";"16.72"
985;"163";"17.77"
986;"163";"19.14"
987;"163";"17.85"
988;"163";"15.54"
989;"163";"15.2"
990;"163";"19.96"
991;"163";"17.02"
992;"164";"10.1"
993;"164";"14.09"
994;"164";"12.99"
995;"164";"14.85"
996;"164";"14.65"
997;"165";"13.84"
998;"165";"14.77"
999;"165";"11.06"
1000;"165";"10.84"
1001;"165";"11.58"
1002;"166";"13.41"
1003;"166";"13.12"
1004;"166";"13.64"
1005;"166";"10.88"
1006;"166";"14.84"
1007;"166";"12.99"
1008;"166";"12.86"
1009;"167";"8.6"
1010;"167";"9.59"
1011;"167";"9.98"
1012;"167";"7.03"
1013;"167";"6.82"
1014;"167";"6.13"
1015;"168";"13.18"
1016;"168";"11.05"
1017;"168";"14.71"
1018;"168";"11.16"
1019;"169";"12.07"
1020;"169";"11.5"
1021;"169";"14.28"
1022;"169";"14.55"
1023;"169";"14.06"
1024;"170";"4.57"
1025;"170";"0.38"
1026;"170";"0.79"
1027;"170";"4.6"
1028;"170";"0.47"
1029;"171";"3.1"
1030;"171";"2.27"
1031;"171";"1.7"
1032;"171";"0.06"
1033;"171";"3.87"
1034;"171";"4.56"
1035;"171";"2.44"
1036;"172";"3.71"
1037;"172";"2.8"
1038;"172";"1.3"
1039;"172";"4.68"
1040;"172";"2.36"
1041;"172";"4.72"
1042;"173";"19.24"
1043;"173";"15.57"
1044;"173";"15.16"
1045;"173";"15.16"
1046;"173";"15.95"
1047;"174";"16.98"
1048;"174";"18.19"
1049;"174";"16.16"
1050;"174";"16.14"
1051;"174";"19.53"
1052;"174";"17.65"
1053;"175";"9.05"
1054;"175";"8.54"
1055;"175";"7.62"
1056;"175";"6.63"
1057;"176";"14.3"
1058;"176";"14.93"
1059;"176";"14.62"
1060;"176";"11.3"
1061;"177";"5.88"
1062;"177";"7.34"
1063;"177";"8.41"
1064;"177";"6.11"
1065;"177";"6.0"
1066;"177";"6.23"
1067;"177";"7.35"
1068;"177";"9.65"
1069;"178";"12.48"
1070;"178";"10.36"
1071;"178";"11.22"
1072;"178";"11.38"
1073;"178";"12.86"
1074;"179";"8.52"
1075;"179";"5.15"
1076;"179";"5.07"
1077;"179";"5.41"
1078;"180";"3.57"
1079;"180";"4.54"
1080;"180";"3.4"
1081;"180";"2.23"
1082;"181";"13.5"
1083;"181";"14.4"
1084;"181";"13.22"
1085;"181";"14.03"
1086;"182";"10.36"
1087;"182";"11.39"
1088;"182";"12.3"
1089;"182";"12.85"
1090;"182";"13.26"
1091;"182";"10.59"
1092;"183";"8.72"
1093;"183";"8.91"
1094;"183";"8.99"
1095;"183";"6.56"
1096;"183";"5.48"
1097;"183";"8.98"
1098;"183";"7.4"
1099;"183";"6.63"
1100;"184";"13.29"
1101;"184";"14.62"
1102;"184";"14.74"
1103;"184";"13.77"
1104;"184";"14.51"
1105;"184";"12.97"
1106;"184";"13.61"
1107;"184";"11.74"
1108;"185";"11.11"
1109;"185";"12.74"
1110;"185";"13.54"
1111;"185";"14.15"
1112;"185";"11.86"
1113;"185";"12.95"
1114;"185";"12.73"
1115;"186";"10.27"
1116;"186";"10.43"
1117;"186";"14.79"
1118;"186";"11.69"
1119;"186";"10.99"
1120;"186";"12.56"
1121;"187";"10.17"
1122;"187";"12.74"
1123;"187";"11.24"
1124;"187";"13.28"
1125;"188";"6.8"
1126;"188";"5.07"
1127;"188";"7.09"
1128;"188";"9.37"
1129;"188";"8.16"
1130;"189";"18.62"
1131;"189";"19.44"
1132;"189";"15.78"
1133;"189";"18.99"
1134;"189";"18.81"
1135;"189";"18.1"
1136;"189";"20.0"
1137;"189";"18.2"
1138;"190";"12.25"
1139;"190";"12.38"
1140;"190";"13.64"
1141;"190";"10.27"
1142;"191";"15.76"
1143;"191";"19.15"
1144;"191";"16.3"
1145;"191";"16.06"
1146;"191";"19.93"
1147;"192";"19.44"
1148;"192";"17.11"
1149;"192";"16.68"
1150;"192";"19.55"
1151;"192";"15.34"
1152;"192";"19.0"
1153;"192";"16.44"
1154;"192";"17.28"
1155;"193";"14.49"
1156;"193";"10.45"
1157;"193";"11.64"
1158;"193";"12.02"
1159;"193";"14.59"
1160;"193";"10.73"
1161;"194";"11.73"
1162;"194";"10.25"
1163;"194";"14.64"
1164;"194";"10.81"
1165;"194";"13.24"
1166;"194";"10.53"
1167;"194";"12.6"
1168;"194";"12.64"
1169;"195";"19.48"
1170;"195";"17.82"
1171;"195";"15.11"
1172;"195";"15.07"
1173;"196";"11.81"
1174;"196";"14.06"
1175;"196";"11.03"
1176;"196";"12.96"
1177;"196";"10.63"
1178;"197";"13.77"
1179;"197";"12.85"
1180;"197";"12.15"
1181;"197";"10.67"
1182;"198";"8.56"
1183;"198";"9.27"
1184;"198";"7.46"
1185;"198";"9.64"
1186;"199";"17.3"
1187;"199";"16.06"
1188;"199";"19.31"
1189;"199";"15.83"
1190;"199";"16.75"
1191;"199";"16.56"
1192;"199";"16.0"
1193;"200";"11.12"
1194;"200";"13.65"
1195;"200";"13.85"
1196;"200";"12.15"
1197;"201";"13.15"
1198;"201";"12.07"
1199;"201";"14.95"
1200;"201";"10.82"
1201;"201";"14.11"
1202;"202";"18.2"
1203;"202";"19.09"
1204;"202";"16.9"
1205;"202";"15.05"
1206;"202";"19.08"
1207;"202";"19.47"
1208;"203";"10.97"
1209;"203";"12.54"
1210;"203";"12.99"
1211;"203";"13.25"
1212;"203";"13.15"
1213;"203";"13.7"
1214;"203";"14.04"
1215;"204";"10.48"
1216;"204";"13.81"
1217;"204";"12.22"
1218;"204";"10.94"
1219;"204";"10.85"
1220;"204";"14.21"
1221;"204";"14.31"
1222;"204";"12.41"
1223;"205";"14.82"
1224;"205";"13.68"
1225;"205";"14.48"
1226;"205";"13.57"
1227;"205";"12.43"
1228;"205";"11.21"
1229;"205";"14.3"
1230;"206";"8.23"
1231;"206";"6.62"
1232;"206";"8.9"
1233;"206";"5.88"
1234;"206";"7.24"
1235;"206";"5.6"
1236;"206";"7.85"
1237;"206";"9.7"
1238;"207";"14.34"
1239;"207";"13.35"
1240;"207";"12.21"
1241;"207";"11.54"
1242;"207";"10.18"
1243;"207";"10.86"
1244;"207";"12.1"
1245;"208";"14.56"
1246;"208";"14.71"
1247;"208";"11.76"
1248;"208";"12.64"
1249;"208";"14.57"
1250;"209";"12.61"
1251;"209";"12.55"
1252;"209";"14.87"
1253;"209";"12.82"
1254;"209";"14.19"
1255;"209";"10.68"
1256;"209";"10.14"
1257;"209";"11.95"
1258;"210";"13.41"
1259;"210";"10.81"
1260;"210";"10.06"
1261;"210";"11.73"
1262;"210";"11.0"
1263;"210";"13.62"
1264;"210";"14.81"
1265;"210";"11.15"
1266;"211";"11.81"
1267;"211";"13.79"
1268;"211";"14.38"
1269;"211";"13.28"
1270;"211";"10.08"
1271;"212";"11.3"
1272;"212";"10.28"
1273;"212";"11.01"
1274;"212";"14.22"
1275;"212";"10.4"
1276;"212";"14.33"
1277;"212";"13.28"
1278;"213";"10.23"
1279;"213";"10.28"
1280;"213";"13.86"
1281;"213";"14.76"
1282;"213";"13.18"
1283;"213";"13.94"
1284;"214";"6.53"
1285;"214";"7.76"
1286;"214";"9.53"
1287;"214";"7.79"
1288;"215";"16.47"
1289;"215";"18.51"
1290;"215";"18.52"
1291;"215";"19.49"
1292;"215";"16.89"
1293;"215";"16.22"
1294;"216";"8.27"
1295;"216";"7.26"
1296;"216";"8.88"
1297;"216";"8.74"
1298;"216";"6.47"
1299;"216";"8.34"
1300;"217";"13.01"
1301;"217";"12.33"
1302;"217";"14.85"
1303;"217";"10.74"
1304;"217";"11.03"
1305;"217";"12.91"
1306;"217";"10.55"
1307;"218";"6.42"
1308;"218";"7.04"
1309;"218";"9.2"
1310;"218";"5.01"
1311;"218";"5.6"
1312;"218";"7.09"
1313;"219";"17.35"
1314;"219";"19.69"
1315;"219";"15.63"
1316;"219";"16.16"
1317;"219";"19.47"
1318;"220";"14.15"
1319;"220";"12.58"
1320;"220";"12.65"
1321;"220";"10.24"
1322;"220";"11.58"
1323;"220";"13.87"
1324;"220";"13.58"
1325;"220";"10.21"
1326;"221";"13.85"
1327;"221";"14.44"
1328;"221";"10.99"
1329;"221";"10.83"
1330;"221";"11.07"
1331;"221";"12.64"
1332;"221";"12.03"
1333;"221";"14.72"
1334;"222";"18.75"
1335;"222";"16.81"
1336;"222";"16.64"
1337;"222";"18.12"
1338;"222";"19.05"
1339;"222";"18.0"
1340;"223";"13.26"
1341;"223";"12.36"
1342;"223";"12.65"
1343;"223";"12.79"
1344;"224";"3.77"
1345;"224";"4.56"
1346;"224";"4.6"
1347;"224";"3.79"
1348;"224";"0.07"
1349;"225";"18.91"
1350;"225";"19.82"
1351;"225";"17.93"
1352;"225";"17.63"
1353;"226";"14.29"
1354;"226";"11.12"
1355;"226";"11.74"
1356;"226";"10.01"
1357;"227";"10.81"
1358;"227";"10.89"
1359;"227";"13.3"
1360;"227";"10.36"
1361;"227";"12.56"
1362;"227";"14.84"
1363;"227";"13.15"
1364;"228";"13.9"
1365;"228";"14.13"
1366;"228";"11.5"
1367;"228";"10.59"
1368;"228";"13.57"
1369;"229";"8.09"
1370;"229";"8.88"
1371;"229";"8.18"
1372;"229";"5.02"
1373;"229";"8.78"
1374;"229";"6.46"
1375;"229";"9.06"
1376;"229";"9.98"
1377;"230";"7.03"
1378;"230";"5.17"
1379;"230";"6.29"
1380;"230";"6.02"
1381;"230";"7.11"
1382;"230";"6.58"
1383;"230";"9.22"
1384;"230";"6.17"
1385;"231";"18.96"
1386;"231";"16.95"
1387;"231";"17.03"
1388;"231";"19.17"
1389;"231";"15.39"
1390;"231";"19.86"
1391;"232";"13.57"
1392;"232";"10.23"
1393;"232";"11.9"
1394;"232";"11.71"
1395;"233";"12.1"
1396;"233";"13.88"
1397;"233";"14.53"
1398;"233";"10.22"
1399;"233";"13.64"
1400;"233";"14.99"
1401;"234";"7.86"
1402;"234";"9.57"
1403;"234";"9.45"
1404;"234";"9.61"
1405;"234";"5.19"
1406;"234";"8.99"
1407;"234";"8.92"
1408;"234";"7.74"
1409;"235";"13.14"
1410;"235";"13.44"
1411;"235";"13.23"
1412;"235";"10.4"
1413;"235";"13.09"
1414;"236";"17.0"
1415;"236";"16.72"
1416;"236";"19.73"
1417;"236";"16.51"
1418;"236";"17.47"
1419;"236";"15.42"
1420;"236";"19.46"
1421;"237";"12.24"
1422;"237";"14.67"
1423;"237";"14.84"
1424;"237";"10.6"
1425;"237";"12.52"
1426;"237";"13.83"
1427;"238";"19.63"
1428;"238";"19.75"
1429;"238";"18.59"
1430;"238";"15.37"
1431;"239";"7.86"
1432;"239";"7.55"
1433;"239";"5.45"
1434;"239";"6.45"
1435;"239";"7.84"
1436;"239";"8.41"
1437;"239";"6.71"
1438;"240";"12.95"
1439;"240";"12.34"
1440;"240";"13.63"
1441;"240";"10.72"
1442;"240";"13.83"
1443;"241";"14.8"
1444;"241";"12.23"
1445;"241";"12.2"
1446;"241";"10.19"
1447;"241";"14.24"
1448;"242";"17.42"
1449;"242";"15.53"
1450;"242";"15.9"
1451;"242";"19.72"
1452;"242";"18.33"
1453;"242";"15.26"
1454;"242";"17.23"
1455;"243";"1.73"
1456;"243";"0.42"
1457;"243";"0.07"
1458;"243";"1.19"
1459;"243";"2.16"
1460;"243";"1.15"
1461;"243";"4.04"
1462;"244";"2.74"
1463;"244";"4.13"
1464;"244";"0.36"
1465;"244";"3.66"
1466;"244";"0.25"
1467;"244";"3.27"
1468;"244";"2.08"
1469;"244";"1.07"
1470;"245";"14.42"
1471;"245";"13.96"
1472;"245";"13.57"
1473;"245";"11.34"
1474;"245";"12.34"
1475;"246";"13.36"
1476;"246";"12.52"
1477;"246";"10.69"
1478;"246";"12.8"
1479;"246";"10.05"
1480;"246";"13.63"
1481;"247";"10.41"
1482;"247";"11.77"
1483;"247";"10.72"
1484;"247";"11.75"
1485;"248";"16.59"
1486;"248";"16.19"
1487;"248";"16.47"
1488;"248";"18.94"
1489;"248";"17.26"
1490;"249";"10.03"
1491;"249";"14.06"
1492;"249";"14.4"
1493;"249";"12.71"
1494;"249";"12.49"
1495;"249";"12.12"
1496;"250";"19.79"
1497;"250";"17.69"
1498;"250";"19.42"
1499;"250";"16.71"
1500;"251";"15.62"
1501;"251";"16.55"
1502;"251";"15.34"
1503;"251";"15.18"
1504;"251";"17.9"
1505;"251";"18.97"
1506;"252";"9.66"
1507;"252";"7.66"
1508;"252";"8.75"
1509;"252";"6.82"
1510;"252";"6.95"
1511;"252";"8.37"
1512;"252";"5.79"
1513;"252";"8.57"
1514;"253";"9.34"
1515;"253";"6.42"
1516;"253";"8.24"
1517;"253";"6.13"
1518;"253";"5.56"
1519;"254";"2.97"
1520;"254";"3.3"
1521;"254";"3.37"
1522;"254";"4.53"
1523;"254";"2.03"
1524;"254";"1.65"
1525;"254";"4.8"
1526;"254";"3.89"
1527;"255";"10.55"
1528;"255";"13.81"
1529;"255";"12.94"
1530;"255";"12.89"
1531;"255";"13.66"
1532;"255";"11.78"
1533;"255";"13.61"
1534;"256";"13.56"
1535;"256";"13.17"
1536;"256";"13.74"
1537;"256";"10.9"
1538;"257";"12.58"
1539;"257";"14.65"
1540;"257";"13.11"
1541;"257";"10.52"
1542;"257";"13.22"
1543;"257";"11.42"
1544;"257";"11.88"
1545;"258";"9.71"
1546;"258";"6.31"
1547;"258";"6.17"
1548;"258";"6.26"
1549;"258";"9.68"
1550;"258";"9.5"
1551;"258";"8.16"
1552;"259";"16.49"
1553;"259";"19.56"
1554;"259";"17.87"
1555;"259";"15.42"
1556;"260";"17.4"
1557;"260";"16.32"
1558;"260";"16.96"
1559;"260";"16.98"
1560;"260";"19.71"
1561;"260";"16.47"
1562;"260";"17.77"
1563;"260";"16.9"
1564;"261";"13.94"
1565;"261";"13.63"
1566;"261";"14.72"
1567;"261";"13.91"
1568;"261";"11.17"
1569;"262";"8.11"
1570;"262";"8.87"
1571;"262";"7.04"
1572;"262";"5.57"
1573;"262";"8.43"
1574;"263";"0.5"
1575;"263";"1.56"
1576;"263";"0.42"
1577;"263";"0.45"
1578;"263";"0.68"
1579;"263";"0.62"
1580;"264";"12.48"
1581;"264";"14.35"
1582;"264";"10.95"
1583;"264";"13.97"
1584;"264";"14.52"
1585;"265";"1.54"
1586;"265";"1.29"
1587;"265";"4.33"
1588;"265";"0.7"
1589;"265";"1.21"
1590;"265";"1.85"
1591;"265";"2.12"
1592;"266";"19.03"
1593;"266";"19.25"
1594;"266";"15.36"
1595;"266";"19.25"
1596;"266";"15.14"
1597;"267";"8.63"
1598;"267";"7.4"
1599;"267";"9.34"
1600;"267";"9.28"
1601;"267";"8.69"
1602;"268";"6.16"
1603;"268";"8.88"
1604;"268";"9.62"
1605;"268";"9.02"
1606;"268";"8.07"
1607;"268";"6.46"
1608;"268";"6.44"
1609;"268";"6.51"
1610;"269";"13.69"
1611;"269";"11.26"
1612;"269";"14.35"
1613;"269";"11.23"
1614;"269";"10.17"
1615;"269";"12.74"
1616;"269";"11.47"
1617;"270";"10.26"
1618;"270";"11.03"
1619;"270";"13.19"
1620;"270";"12.7"
1621;"270";"14.87"
1622;"271";"10.49"
1623;"271";"10.45"
1624;"271";"10.03"
1625;"271";"14.14"
1626;"271";"10.78"
1627;"271";"11.55"
1628;"271";"12.14"
1629;"272";"17.67"
1630;"272";"17.42"
1631;"272";"19.98"
1632;"272";"19.0"
1633;"273";"18.13"
1634;"273";"17.53"
1635;"273";"19.3"
1636;"273";"17.52"
1637;"273";"19.63"
1638;"274";"8.37"
1639;"274";"6.81"
1640;"274";"9.51"
1641;"274";"8.67"
1642;"274";"8.02"
1643;"274";"9.62"
1644;"274";"5.17"
1645;"274";"7.22"
1646;"275";"12.74"
1647;"275";"13.48"
1648;"275";"11.59"
1649;"275";"11.96"
1650;"275";"13.56"
1651;"275";"10.15"
1652;"276";"11.21"
1653;"276";"12.67"
1654;"276";"11.12"
1655;"276";"11.92"
1656;"276";"13.18"
1657;"276";"11.43"
1658;"276";"10.58"
1659;"277";"5.68"
1660;"277";"7.63"
1661;"277";"9.88"
1662;"277";"9.79"
1663;"277";"7.03"
1664;"277";"5.75"
1665;"277";"8.31"
1666;"278";"6.39"
1667;"278";"9.8"
1668;"278";"9.0"
1669;"278";"6.73"
1670;"278";"6.3"
1671;"278";"9.14"
1672;"278";"7.48"
1673;"279";"5.52"
1674;"279";"9.46"
1675;"279";"9.16"
1676;"279";"9.75"
1677;"279";"7.85"
1678;"279";"9.18"
1679;"280";"10.64"
1680;"280";"14.37"
1681;"280";"13.64"
1682;"280";"14.39"
1683;"280";"11.77"
1684;"280";"10.54"
1685;"280";"13.96"
1686;"281";"16.78"
1687;"281";"17.16"
1688;"281";"17.96"
1689;"281";"15.69"
1690;"281";"16.68"
1691;"281";"18.0"
1692;"282";"14.58"
1693;"282";"10.88"
1694;"282";"13.02"
1695;"282";"10.1"
1696;"283";"4.08"
1697;"283";"3.56"
1698;"283";"4.28"
1699;"283";"3.21"
1700;"283";"2.78"
1701;"283";"3.75"
1702;"284";"13.15"
1703;"284";"11.39"
1704;"284";"14.19"
1705;"284";"10.73"
1706;"284";"13.41"
1707;"284";"11.28"
1708;"284";"13.79"
1709;"284";"13.91"
1710;"285";"12.73"
1711;"285";"10.8"
1712;"285";"14.09"
1713;"285";"14.25"
1714;"286";"6.2"
1715;"286";"8.28"
1716;"286";"9.57"
1717;"286";"5.45"
1718;"287";"12.41"
1719;"287";"14.38"
1720;"287";"12.08"
1721;"287";"10.66"
1722;"287";"12.11"
1723;"287";"10.86"
1724;"287";"12.67"
1725;"288";"19.05"
1726;"288";"16.17"
1727;"288";"16.8"
1728;"288";"19.83"
1729;"288";"15.53"
1730;"289";"9.48"
1731;"289";"6.38"
1732;"289";"8.17"
1733;"289";"8.61"
1734;"289";"6.35"
1735;"290";"13.63"
1736;"290";"14.01"
1737;"290";"13.81"
1738;"290";"12.24"
1739;"290";"12.42"
1740;"290";"12.55"
1741;"290";"14.62"
1742;"291";"19.13"
1743;"291";"17.63"
1744;"291";"15.16"
1745;"291";"17.41"
1746;"291";"15.62"
1747;"291";"15.6"
1748;"291";"17.8"
1749;"292";"13.92"
1750;"292";"12.6"
1751;"292";"14.24"
1752;"292";"13.86"
1753;"292";"12.49"
1754;"292";"10.43"
1755;"292";"10.5"
1756;"293";"14.34"
1757;"293";"10.39"
1758;"293";"12.98"
1759;"293";"11.42"
1760;"293";"12.92"
1761;"293";"14.12"
1762;"293";"13.98"
1763;"293";"14.27"
1764;"294";"7.37"
1765;"294";"8.27"
1766;"294";"8.03"
1767;"294";"6.6"
1768;"294";"9.83"
1769;"294";"6.13"
1770;"295";"5.68"
1771;"295";"5.77"
1772;"295";"9.53"
1773;"295";"6.27"
1774;"295";"8.52"
1775;"296";"5.57"
1776;"296";"7.51"
1777;"296";"6.18"
1778;"296";"9.49"
1779;"296";"7.31"
1780;"297";"13.53"
1781;"297";"12.94"
1782;"297";"11.42"
1783;"297";"12.32"
1784;"297";"14.45"
1785;"297";"10.14"
1786;"297";"11.74"
1787;"297";"11.29"
1788;"298";"4.92"
1789;"298";"2.9"
1790;"298";"2.32"
1791;"298";"1.16"
1792;"298";"2.73"
1793;"298";"3.03"
1794;"298";"0.95"
1795;"298";"4.58"
1796;"299";"5.27"
1797;"299";"7.77"
1798;"299";"6.0"
1799;"299";"9.88"
1800;"300";"15.96"
1801;"300";"18.04"
1802;"300";"16.81"
1803;"300";"15.64"
1804;"300";"18.64"
1805;"300";"18.09"
1806;"300";"16.23"
1807;"301";"19.35"
1808;"301";"16.1"
1809;"301";"19.09"
1810;"301";"18.65"
1811;"301";"18.49"
1812;"302";"19.36"
1813;"302";"15.69"
1814;"302";"19.22"
1815;"302";"15.31"
1816;"303";"18.37"
1817;"303";"19.14"
1818;"303";"16.34"
1819;"303";"19.62"
1820;"303";"18.4"
1821;"303";"19.2"
1822;"303";"16.93"
1823;"304";"13.35"
1824;"304";"10.28"
1825;"304";"13.52"
1826;"304";"11.91"
1827;"304";"12.97"
1828;"304";"12.76"
1829;"305";"12.91"
1830;"305";"12.77"
1831;"305";"11.27"
1832;"305";"14.23"
1833;"305";"12.62"
1834;"305";"13.24"
1835;"305";"13.45"
1836;"306";"19.31"
1837;"306";"15.27"
1838;"306";"18.92"
1839;"306";"16.83"
1840;"306";"17.09"
1841;"306";"19.63"
1842;"306";"17.96"
1843;"307";"4.49"
1844;"307";"1.8"
1845;"307";"2.87"
1846;"307";"4.78"
1847;"308";"10.36"
1848;"308";"11.69"
1849;"308";"11.44"
1850;"308";"14.41"
1851;"308";"12.96"
1852;"309";"7.73"
1853;"309";"5.53"
1854;"309";"6.96"
1855;"309";"7.25"
1856;"309";"8.56"
1857;"309";"9.09"
1858;"310";"7.91"
1859;"310";"8.87"
1860;"310";"9.18"
1861;"310";"9.06"
1862;"310";"7.05"
1863;"310";"6.31"
1864;"311";"12.54"
1865;"311";"10.29"
1866;"311";"13.6"
1867;"311";"11.64"
1868;"311";"14.75"
1869;"311";"12.27"
1870;"311";"14.79"
1871;"311";"13.99"
1872;"312";"9.01"
1873;"312";"8.36"
1874;"312";"7.27"
1875;"312";"8.41"
1876;"312";"8.24"
1877;"312";"8.8"
1878;"312";"7.98"
1879;"312";"5.7"
1880;"313";"12.5"
1881;"313";"11.34"
1882;"313";"13.49"
1883;"313";"12.66"
1884;"313";"11.68"
1885;"313";"13.17"
1886;"313";"12.73"
1887;"314";"3.94"
1888;"314";"3.29"
1889;"314";"2.96"
1890;"314";"0.4"
1891;"315";"10.93"
1892;"315";"10.52"
1893;"315";"10.89"
1894;"315";"14.18"
1895;"315";"14.45"
1896;"315";"10.14"
1897;"315";"10.12"
1898;"315";"13.45"
1899;"316";"10.77"
1900;"316";"10.43"
1901;"316";"11.58"
1902;"316";"11.57"
1903;"316";"11.38"
1904;"316";"14.73"
1905;"316";"11.19"
1906;"317";"14.54"
1907;"317";"11.39"
1908;"317";"12.55"
1909;"317";"10.51"
1910;"317";"13.4"
1911;"317";"12.85"
1912;"317";"10.81"
1913;"317";"12.3"
1914;"318";"10.34"
1915;"318";"13.7"
1916;"318";"13.66"
1917;"318";"14.3"
1918;"318";"11.7"
1919;"318";"10.28"
1920;"319";"11.41"
1921;"319";"11.51"
1922;"319";"10.67"
1923;"319";"11.15"
1924;"319";"12.99"
1925;"319";"13.86"
1926;"319";"11.19"
1927;"319";"11.68"
1928;"320";"14.03"
1929;"320";"11.55"
1930;"320";"11.96"
1931;"320";"11.7"
1932;"320";"14.36"
1933;"320";"11.85"
1934;"320";"10.84"
1935;"320";"11.38"
1936;"321";"16.06"
1937;"321";"18.04"
1938;"321";"15.93"
1939;"321";"19.17"
1940;"322";"16.09"
1941;"322";"18.71"
1942;"322";"15.62"
1943;"322";"16.05"
1944;"322";"15.21"
1945;"322";"19.75"
1946;"322";"17.08"
1947;"323";"10.57"
1948;"323";"10.91"
1949;"323";"12.5"
1950;"323";"10.79"
1951;"323";"13.34"
1952;"323";"10.17"
1953;"323";"12.2"
1954;"324";"7.26"
1955;"324";"8.74"
1956;"324";"6.4"
1957;"324";"6.0"
1958;"324";"8.16"
1959;"324";"9.07"
1960;"324";"7.39"
1961;"325";"18.26"
1962;"325";"15.04"
1963;"325";"15.97"
1964;"325";"19.83"
1965;"325";"18.95"
1966;"325";"17.34"
1967;"325";"17.75"
1968;"326";"18.07"
1969;"326";"18.71"
1970;"326";"16.95"
1971;"326";"17.37"
1972;"326";"19.61"
1973;"327";"6.7"
1974;"327";"8.48"
1975;"327";"8.27"
1976;"327";"9.4"
1977;"327";"5.77"
1978;"327";"8.78"
1979;"327";"9.06"
1980;"327";"5.85"
1981;"328";"12.03"
1982;"328";"13.46"
1983;"328";"12.51"
1984;"328";"12.17"
1985;"328";"10.05"
1986;"328";"13.55"
1987;"328";"10.06"
1988;"328";"13.64"
1989;"329";"14.79"
1990;"329";"14.82"
1991;"329";"11.14"
1992;"329";"14.37"
1993;"330";"12.99"
1994;"330";"11.52"
1995;"330";"13.5"
1996;"330";"14.27"
1997;"330";"14.65"
1998;"330";"12.3"
1999;"331";"16.76"
2000;"331";"17.3"
2001;"331";"17.89"
2002;"331";"18.43"
2003;"331";"19.79"
2004;"331";"16.75"
2005;"332";"12.87"
2006;"332";"14.18"
2007;"332";"11.41"
2008;"332";"11.63"
2009;"332";"13.76"
2010;"332";"14.95"
2011;"333";"13.14"
2012;"333";"12.46"
2013;"333";"13.71"
2014;"333";"11.75"
2015;"333";"13.67"
2016;"334";"9.18"
2017;"334";"7.98"
2018;"334";"8.45"
2019;"334";"5.59"
2020;"335";"19.64"
2021;"335";"16.09"
2022;"335";"19.47"
2023;"335";"16.17"
2024;"336";"2.99"
2025;"336";"1.65"
2026;"336";"2.93"
2027;"336";"3.33"
2028;"336";"0.92"
2029;"336";"3.2"
2030;"337";"1.66"
2031;"337";"3.52"
2032;"337";"4.45"
2033;"337";"1.56"
2034;"337";"1.18"
2035;"338";"11.43"
2036;"338";"11.66"
2037;"338";"14.21"
2038;"338";"11.09"
2039;"338";"10.19"
2040;"338";"12.97"
2041;"339";"11.7"
2042;"339";"11.69"
2043;"339";"12.36"
2044;"339";"14.14"
2045;"339";"10.8"
2046;"339";"13.88"
2047;"339";"11.41"
2048;"340";"9.88"
2049;"340";"6.91"
2050;"340";"7.7"
2051;"340";"8.57"
2052;"341";"10.23"
2053;"341";"10.56"
2054;"341";"14.93"
2055;"341";"12.93"
2056;"342";"12.17"
2057;"342";"11.53"
2058;"342";"14.18"
2059;"342";"10.33"
2060;"342";"11.77"
2061;"342";"13.7"
2062;"343";"19.08"
2063;"343";"17.42"
2064;"343";"19.23"
2065;"343";"17.53"
2066;"343";"19.33"
2067;"343";"19.49"
2068;"343";"17.81"
2069;"344";"10.16"
2070;"344";"12.12"
2071;"344";"14.59"
2072;"344";"10.62"
2073;"344";"13.55"
2074;"344";"12.72"
2075;"344";"14.78"
2076;"344";"13.05"
2077;"345";"11.94"
2078;"345";"11.17"
2079;"345";"10.81"
2080;"345";"10.64"
2081;"345";"14.25"
2082;"345";"14.26"
2083;"346";"4.5"
2084;"346";"1.26"
2085;"346";"4.95"
2086;"346";"1.04"
2087;"346";"3.84"
2088;"346";"1.56"
2089;"346";"3.2"
2090;"346";"4.94"
2091;"347";"11.11"
2092;"347";"10.11"
2093;"347";"12.12"
2094;"347";"11.04"
2095;"347";"14.89"
2096;"347";"10.73"
2097;"347";"11.13"
2098;"348";"10.39"
2099;"348";"12.11"
2100;"348";"10.12"
2101;"348";"12.33"
2102;"348";"11.84"
2103;"348";"11.19"
2104;"348";"13.17"
2105;"348";"10.92"
2106;"349";"10.73"
2107;"349";"12.03"
2108;"349";"13.91"
2109;"349";"10.9"
2110;"349";"13.02"
2111;"350";"16.3"
2112;"350";"17.8"
2113;"350";"18.72"
2114;"350";"19.04"
2115;"351";"14.1"
2116;"351";"12.85"
2117;"351";"14.24"
2118;"351";"10.02"
2119;"351";"11.63"
2120;"351";"14.2"
2121;"351";"14.63"
2122;"352";"10.84"
2123;"352";"10.37"
2124;"352";"12.36"
2125;"352";"10.31"
2126;"352";"13.59"
2127;"353";"7.6"
2128;"353";"6.59"
2129;"353";"8.05"
2130;"353";"5.81"
2131;"353";"9.44"
2132;"354";"9.93"
2133;"354";"8.57"
2134;"354";"7.37"
2135;"354";"5.87"
2136;"354";"9.44"
2137;"354";"8.81"
2138;"354";"7.12"
2139;"354";"7.78"
2140;"355";"14.65"
2141;"355";"10.51"
2142;"355";"10.19"
2143;"355";"12.13"
2144;"355";"11.65"
2145;"355";"13.0"
2146;"355";"12.73"
2147;"355";"13.72"
2148;"356";"8.86"
2149;"356";"9.96"
2150;"356";"8.18"
2151;"356";"7.38"
2152;"356";"7.98"
2153;"356";"7.45"
2154;"356";"7.31"
2155;"356";"6.15"
2156;"357";"14.26"
2157;"357";"11.94"
2158;"357";"12.12"
2159;"357";"12.72"
2160;"357";"11.21"
2161;"357";"10.3"
2162;"357";"13.41"
2163;"357";"12.52"
2164;"358";"4.54"
2165;"358";"1.78"
2166;"358";"2.9"
2167;"358";"0.55"
2168;"358";"3.87"
2169;"358";"4.93"
2170;"358";"2.42"
2171;"359";"4.83"
2172;"359";"3.27"
2173;"359";"1.58"
2174;"359";"1.15"
2175;"359";"2.55"
2176;"359";"0.34"
2177;"359";"2.1"
2178;"360";"13.27"
2179;"360";"12.48"
2180;"360";"12.84"
2181;"360";"11.52"
2182;"360";"10.72"
2183;"361";"12.99"
2184;"361";"12.47"
2185;"361";"10.53"
2186;"361";"13.47"
2187;"361";"10.13"
2188;"361";"10.35"
2189;"361";"13.11"
2190;"361";"13.39"
2191;"362";"5.11"
2192;"362";"9.96"
2193;"362";"8.04"
2194;"362";"6.0"
2195;"362";"9.95"
2196;"362";"5.87"
2197;"362";"9.34"
2198;"362";"9.91"
2199;"363";"5.92"
2200;"363";"5.11"
2201;"363";"9.4"
2202;"363";"5.0"
2203;"363";"8.07"
2204;"363";"6.33"
2205;"364";"14.87"
2206;"364";"13.14"
2207;"364";"14.56"
2208;"364";"12.73"
2209;"364";"10.11"
2210;"364";"12.78"
2211;"364";"10.54"
2212;"365";"10.61"
2213;"365";"13.58"
2214;"365";"13.93"
2215;"365";"14.6"
2216;"365";"12.97"
2217;"366";"18.22"
2218;"366";"16.11"
2219;"366";"16.6"
2220;"366";"19.81"
2221;"366";"16.44"
2222;"367";"14.29"
2223;"367";"10.84"
2224;"367";"14.32"
2225;"367";"10.53"
2226;"367";"14.39"
2227;"367";"13.76"
2228;"368";"16.37"
2229;"368";"16.35"
2230;"368";"19.09"
2231;"368";"19.44"
2232;"368";"19.37"
2233;"368";"19.1"
2234;"369";"10.12"
2235;"369";"13.84"
2236;"369";"13.08"
2237;"369";"14.44"
2238;"369";"11.51"
2239;"370";"3.26"
2240;"370";"1.12"
2241;"370";"1.41"
2242;"370";"3.35"
2243;"371";"12.07"
2244;"371";"11.62"
2245;"371";"12.56"
2246;"371";"12.95"
2247;"371";"14.62"
2248;"372";"0.13"
2249;"372";"1.54"
2250;"372";"1.18"
2251;"372";"2.76"
2252;"372";"0.18"
2253;"372";"4.58"
2254;"373";"16.17"
2255;"373";"17.22"
2256;"373";"18.91"
2257;"373";"15.78"
2258;"373";"18.99"
2259;"373";"16.33"
2260;"373";"17.9"
2261;"373";"18.7"
2262;"374";"2.0"
2263;"374";"0.92"
2264;"374";"2.48"
2265;"374";"3.9"
2266;"374";"2.42"
2267;"374";"0.48"
2268;"375";"14.95"
2269;"375";"13.14"
2270;"375";"13.41"
2271;"375";"12.52"
2272;"375";"14.55"
2273;"375";"14.28"
2274;"376";"10.21"
2275;"376";"14.15"
2276;"376";"10.0"
2277;"376";"11.01"
2278;"377";"12.21"
2279;"377";"11.88"
2280;"377";"11.99"
2281;"377";"11.49"
2282;"377";"11.37"
2283;"377";"10.21"
2284;"377";"13.29"
2285;"378";"15.09"
2286;"378";"19.9"
2287;"378";"19.89"
2288;"378";"18.67"
2289;"378";"16.08"
2290;"378";"19.05"
2291;"378";"15.19"
2292;"378";"16.87"
2293;"379";"8.29"
2294;"379";"8.68"
2295;"379";"7.4"
2296;"379";"9.13"
2297;"379";"5.18"
2298;"380";"11.01"
2299;"380";"13.02"
2300;"380";"13.32"
2301;"380";"10.55"
2302;"380";"12.15"
2303;"381";"9.17"
2304;"381";"8.8"
2305;"381";"8.0"
2306;"381";"9.08"
2307;"381";"5.67"
2308;"381";"7.43"
2309;"382";"19.8"
2310;"382";"16.25"
2311;"382";"18.29"
2312;"382";"15.76"
2313;"382";"18.31"
2314;"382";"16.53"
2315;"383";"14.09"
2316;"383";"12.33"
2317;"383";"11.17"
2318;"383";"12.33"
2319;"383";"12.05"
2320;"384";"15.72"
2321;"384";"15.78"
2322;"384";"18.75"
2323;"384";"16.96"
2324;"385";"11.3"
2325;"385";"13.35"
2326;"385";"12.44"
2327;"385";"12.38"
2328;"386";"3.6"
2329;"386";"1.42"
2330;"386";"3.18"
2331;"386";"4.26"
2332;"386";"1.35"
2333;"386";"0.09"
2334;"386";"2.58"
2335;"386";"0.61"
2336;"387";"1.9"
2337;"387";"1.38"
2338;"387";"4.19"
2339;"387";"3.99"
2340;"388";"8.86"
2341;"388";"9.91"
2342;"388";"5.16"
2343;"388";"8.67"
2344;"388";"9.16"
2345;"388";"8.08"
2346;"389";"5.98"
2347;"389";"5.05"
2348;"389";"6.05"
2349;"389";"8.32"
2350;"390";"14.36"
2351;"390";"11.35"
2352;"390";"10.12"
2353;"390";"12.33"
2354;"390";"11.43"
2355;"391";"13.69"
2356;"391";"12.1"
2357;"391";"15.0"
2358;"391";"10.8"
2359;"391";"11.04"
2360;"391";"11.96"
2361;"391";"14.86"
2362;"391";"13.62"
2363;"392";"6.88"
2364;"392";"7.59"
2365;"392";"9.24"
2366;"392";"6.7"
2367;"392";"9.11"
2368;"392";"9.13"
2369;"393";"19.06"
2370;"393";"16.8"
2371;"393";"15.51"
2372;"393";"17.71"
2373;"393";"16.23"
2374;"393";"19.32"
2375;"394";"10.08"
2376;"394";"11.63"
2377;"394";"11.95"
2378;"394";"12.07"
2379;"395";"10.49"
2380;"395";"12.55"
2381;"395";"14.07"
2382;"395";"11.81"
2383;"395";"10.8"
2384;"395";"14.94"
2385;"396";"10.93"
2386;"396";"12.24"
2387;"396";"12.79"
2388;"396";"14.14"
2389;"396";"14.84"
2390;"397";"8.38"
2391;"397";"8.87"
2392;"397";"9.93"
2393;"397";"7.96"
2394;"397";"5.25"
2395;"398";"15.51"
2396;"398";"15.76"
2397;"398";"15.6"
2398;"398";"15.03"
2399;"399";"10.64"
2400;"399";"14.66"
2401;"399";"13.51"
2402;"399";"10.43"
2403;"399";"14.05"
2404;"399";"11.5"
2405;"399";"11.15"
2406;"399";"11.67"
2407;"400";"12.17"
2408;"400";"14.8"
2409;"400";"12.59"
2410;"400";"11.33"
2411;"400";"14.95"
2412;"400";"12.19"
2413;"400";"13.33"
2414;"401";"12.55"
2415;"401";"11.18"
2416;"401";"14.12"
2417;"401";"10.91"
2418;"401";"11.59"
2419;"402";"10.37"
2420;"402";"12.22"
2421;"402";"10.3"
2422;"402";"10.05"
2423;"402";"14.44"
2424;"403";"10.66"
2425;"403";"10.16"
2426;"403";"11.06"
2427;"403";"11.53"
2428;"403";"13.06"
2429;"404";"11.76"
2430;"404";"12.55"
2431;"404";"11.88"
2432;"404";"10.6"
2433;"405";"9.11"
2434;"405";"5.88"
2435;"405";"5.89"
2436;"405";"6.78"
2437;"405";"5.96"
2438;"405";"6.29"
2439;"405";"9.18"
2440;"405";"9.13"
2441;"406";"11.45"
2442;"406";"10.83"
2443;"406";"14.08"
2444;"406";"10.73"
2445;"406";"11.85"
2446;"406";"12.35"
2447;"406";"10.52"
2448;"407";"14.91"
2449;"407";"11.54"
2450;"407";"12.57"
2451;"407";"10.02"
2452;"407";"13.1"
2453;"407";"12.68"
2454;"407";"10.92"
2455;"408";"12.85"
2456;"408";"13.79"
2457;"408";"14.03"
2458;"408";"10.75"
2459;"408";"11.35"
2460;"408";"14.35"
2461;"408";"14.74"
2462;"409";"3.57"
2463;"409";"0.17"
2464;"409";"1.36"
2465;"409";"1.34"
2466;"410";"11.69"
2467;"410";"10.01"
2468;"410";"11.33"
2469;"410";"11.93"
2470;"410";"14.13"
2471;"410";"10.25"
2472;"411";"15.0"
2473;"411";"16.12"
2474;"411";"19.21"
2475;"411";"19.6"
2476;"412";"19.67"
2477;"412";"19.4"
2478;"412";"18.01"
2479;"412";"15.13"
2480;"412";"18.55"
2481;"412";"18.36"
2482;"413";"14.82"
2483;"413";"14.11"
2484;"413";"14.34"
2485;"413";"10.86"
2486;"413";"12.7"
2487;"413";"12.27"
2488;"413";"14.12"
2489;"413";"14.09"
2490;"414";"6.46"
2491;"414";"7.91"
2492;"414";"9.03"
2493;"414";"7.22"
2494;"414";"8.33"
2495;"414";"6.4"
2496;"414";"8.82"
2497;"415";"14.23"
2498;"415";"12.54"
2499;"415";"14.45"
2500;"415";"11.28"
2501;"415";"14.23"
2502;"415";"12.63"
2503;"415";"13.16"
2504;"416";"10.78"
2505;"416";"11.33"
2506;"416";"12.34"
2507;"416";"11.4"
2508;"416";"14.12"
2509;"417";"15.35"
2510;"417";"17.27"
2511;"417";"19.46"
2512;"417";"15.12"
2513;"417";"15.56"
2514;"417";"15.11"
2515;"417";"17.82"
2516;"418";"4.61"
2517;"418";"3.9"
2518;"418";"1.99"
2519;"418";"4.71"
2520;"419";"2.88"
2521;"419";"0.07"
2522;"419";"3.24"
2523;"419";"0.68"
2524;"419";"4.04"
2525;"419";"3.4"
2526;"419";"1.48"
2527;"420";"17.19"
2528;"420";"16.75"
2529;"420";"18.17"
2530;"420";"17.71"
2531;"420";"15.9"
2532;"420";"16.58"
2533;"421";"10.39"
2534;"421";"11.67"
2535;"421";"12.64"
2536;"421";"14.97"
2537;"421";"10.97"
2538;"422";"14.21"
2539;"422";"14.06"
2540;"422";"10.41"
2541;"422";"12.44"
2542;"422";"14.9"
2543;"422";"11.31"
2544;"422";"10.62"
2545;"423";"17.75"
2546;"423";"16.77"
2547;"423";"18.2"
2548;"423";"15.17"
2549;"423";"17.54"
2550;"423";"19.54"
2551;"423";"18.61"
2552;"424";"18.95"
2553;"424";"15.88"
2554;"424";"19.69"
2555;"424";"17.64"
2556;"424";"16.7"
2557;"424";"19.79"
2558;"425";"14.44"
2559;"425";"12.06"
2560;"425";"13.96"
2561;"425";"13.02"
2562;"425";"10.34"
2563;"425";"12.64"
2564;"426";"12.91"
2565;"426";"11.42"
2566;"426";"11.63"
2567;"426";"13.18"
2568;"427";"19.93"
2569;"427";"19.12"
2570;"427";"18.05"
2571;"427";"15.18"
2572;"428";"0.5"
2573;"428";"3.4"
2574;"428";"4.69"
2575;"428";"2.63"
2576;"428";"0.37"
2577;"428";"4.21"
2578;"429";"14.34"
2579;"429";"10.15"
2580;"429";"10.19"
2581;"429";"10.69"
2582;"429";"12.87"
2583;"430";"6.96"
2584;"430";"5.72"
2585;"430";"5.06"
2586;"430";"7.2"
2587;"430";"5.89"
2588;"430";"5.45"
2589;"431";"13.8"
2590;"431";"13.45"
2591;"431";"10.12"
2592;"431";"10.78"
2593;"431";"11.96"
2594;"431";"13.16"
2595;"431";"10.5"
2596;"432";"8.95"
2597;"432";"9.32"
2598;"432";"6.48"
2599;"432";"9.99"
2600;"432";"5.43"
2601;"432";"6.33"
2602;"432";"5.14"
2603;"432";"8.52"
2604;"433";"14.27"
2605;"433";"11.72"
2606;"433";"11.48"
2607;"433";"11.6"
2608;"434";"3.35"
2609;"434";"4.84"
2610;"434";"2.98"
2611;"434";"3.35"
2612;"434";"3.1"
2613;"435";"16.57"
2614;"435";"18.8"
2615;"435";"15.91"
2616;"435";"15.66"
2617;"435";"17.54"
2618;"435";"19.07"
2619;"436";"0.52"
2620;"436";"0.87"
2621;"436";"4.95"
2622;"436";"4.07"
2623;"436";"4.8"
2624;"436";"4.5"
2625;"436";"0.33"
2626;"437";"8.84"
2627;"437";"9.87"
2628;"437";"5.53"
2629;"437";"9.16"
2630;"437";"9.48"
2631;"437";"5.41"
2632;"437";"9.39"
2633;"437";"5.79"
2634;"438";"14.53"
2635;"438";"10.72"
2636;"438";"13.82"
2637;"438";"14.7"
2638;"438";"13.66"
2639;"438";"14.26"
2640;"438";"11.77"
2641;"438";"14.81"
2642;"439";"14.29"
2643;"439";"10.71"
2644;"439";"12.72"
2645;"439";"14.49"
2646;"439";"10.34"
2647;"439";"10.1"
2648;"439";"10.68"
2649;"439";"13.98"
2650;"440";"19.73"
2651;"440";"16.02"
2652;"440";"15.02"
2653;"440";"17.56"
2654;"440";"18.39"
2655;"440";"15.94"
2656;"441";"10.92"
2657;"441";"13.05"
2658;"441";"14.81"
2659;"441";"14.37"
2660;"442";"8.07"
2661;"442";"8.39"
2662;"442";"5.31"
2663;"442";"8.47"
2664;"442";"9.6"
2665;"442";"7.79"
2666;"443";"7.11"
2667;"443";"8.21"
2668;"443";"5.66"
2669;"443";"6.71"
2670;"443";"5.97"
2671;"443";"5.84"
2672;"444";"18.52"
2673;"444";"18.4"
2674;"444";"16.73"
2675;"444";"18.02"
2676;"444";"19.66"
2677;"444";"15.75"
2678;"445";"11.98"
2679;"445";"11.5"
2680;"445";"14.37"
2681;"445";"13.73"
2682;"445";"11.23"
2683;"445";"11.7"
2684;"445";"11.08"
2685;"445";"11.52"
2686;"446";"19.16"
2687;"446";"18.92"
2688;"446";"16.09"
2689;"446";"16.42"
2690;"447";"10.15"
2691;"447";"14.94"
2692;"447";"14.59"
2693;"447";"13.65"
2694;"447";"14.22"
2695;"447";"13.55"
2696;"448";"14.14"
2697;"448";"14.77"
2698;"448";"14.93"
2699;"448";"12.34"
2700;"448";"10.08"
2701;"448";"11.04"
2702;"448";"13.86"
2703;"449";"6.29"
2704;"449";"7.04"
2705;"449";"8.8"
2706;"449";"7.55"
2707;"449";"5.08"
2708;"449";"7.9"
2709;"449";"8.07"
2710;"450";"17.41"
2711;"450";"18.12"
2712;"450";"15.36"
2713;"450";"19.16"
2714;"450";"18.63"
2715;"450";"17.35"
2716;"451";"10.63"
2717;"451";"11.53"
2718;"451";"10.02"
2719;"451";"13.61"
2720;"452";"11.9"
2721;"452";"13.08"
2722;"452";"10.97"
2723;"452";"13.66"
2724;"452";"13.06"
2725;"452";"13.43"
2726;"452";"13.38"
2727;"453";"16.73"
2728;"453";"17.51"
2729;"453";"18.24"
2730;"453";"17.8"
2731;"453";"19.86"
2732;"453";"18.14"
2733;"453";"19.43"
2734;"453";"19.79"
2735;"454";"11.59"
2736;"454";"13.93"
2737;"454";"11.43"
2738;"454";"14.47"
2739;"454";"14.6"
2740;"454";"10.17"
2741;"455";"16.25"
2742;"455";"15.73"
2743;"455";"19.06"
2744;"455";"17.8"
2745;"455";"15.89"
2746;"455";"19.46"
2747;"455";"17.82"
2748;"456";"8.47"
2749;"456";"7.85"
2750;"456";"8.7"
2751;"456";"6.14"
2752;"457";"12.21"
2753;"457";"11.25"
2754;"457";"12.77"
2755;"457";"13.79"
2756;"457";"10.12"
2757;"457";"14.48"
2758;"457";"13.95"
2759;"458";"13.04"
2760;"458";"13.59"
2761;"458";"10.19"
2762;"458";"14.63"
2763;"458";"10.75"
2764;"458";"12.86"
2765;"459";"7.04"
2766;"459";"7.19"
2767;"459";"6.05"
2768;"459";"8.3"
2769;"459";"8.84"
2770;"460";"13.42"
2771;"460";"13.26"
2772;"460";"13.99"
2773;"460";"11.17"
2774;"460";"13.55"
2775;"461";"10.32"
2776;"461";"14.6"
2777;"461";"12.65"
2778;"461";"14.73"
2779;"461";"14.77"
2780;"461";"12.54"
2781;"462";"10.75"
2782;"462";"14.17"
2783;"462";"12.01"
2784;"462";"13.94"
2785;"462";"13.2"
2786;"462";"13.75"
2787;"463";"19.8"
2788;"463";"17.46"
2789;"463";"15.1"
2790;"463";"15.73"
2791;"463";"17.23"
2792;"463";"17.89"
2793;"464";"13.61"
2794;"464";"11.41"
2795;"464";"12.75"
2796;"464";"10.47"
2797;"465";"10.01"
2798;"465";"11.71"
2799;"465";"14.32"
2800;"465";"13.59"
2801;"465";"12.28"
2802;"465";"13.61"
2803;"465";"12.3"
2804;"466";"13.9"
2805;"466";"10.27"
2806;"466";"10.98"
2807;"466";"14.04"
2808;"466";"13.8"
2809;"466";"14.84"
2810;"467";"5.1"
2811;"467";"5.58"
2812;"467";"7.16"
2813;"467";"6.85"
2814;"467";"7.91"
2815;"467";"6.86"
2816;"468";"11.43"
2817;"468";"12.62"
2818;"468";"15.0"
2819;"468";"12.85"
2820;"468";"14.44"
2821;"468";"14.58"
2822;"469";"6.56"
2823;"469";"8.91"
2824;"469";"8.49"
2825;"469";"7.34"
2826;"469";"8.1"
2827;"469";"5.71"
2828;"470";"12.24"
2829;"470";"11.03"
2830;"470";"12.56"
2831;"470";"14.48"
2832;"470";"12.91"
2833;"470";"11.41"
2834;"471";"7.01"
2835;"471";"5.5"
2836;"471";"9.63"
2837;"471";"9.99"
2838;"471";"9.93"
2839;"472";"11.63"
2840;"472";"10.92"
2841;"472";"11.46"
2842;"472";"13.16"
2843;"472";"10.0"
2844;"472";"11.51"
2845;"472";"12.97"
2846;"473";"18.98"
2847;"473";"19.1"
2848;"473";"19.0"
2849;"473";"18.91"
2850;"473";"18.6"
2851;"473";"18.25"
2852;"473";"17.6"
2853;"473";"16.65"
2854;"474";"12.05"
2855;"474";"11.28"
2856;"474";"11.49"
2857;"474";"13.56"
2858;"474";"13.12"
2859;"474";"14.59"
2860;"475";"12.76"
2861;"475";"12.19"
2862;"475";"10.09"
2863;"475";"13.25"
2864;"475";"14.9"
2865;"476";"7.46"
2866;"476";"5.7"
2867;"476";"8.08"
2868;"476";"6.71"
2869;"476";"7.81"
2870;"476";"7.42"
2871;"477";"7.39"
2872;"477";"7.46"
2873;"477";"7.43"
2874;"477";"6.3"
2875;"477";"6.62"
2876;"477";"8.98"
2877;"477";"5.72"
2878;"477";"9.83"
2879;"478";"15.57"
2880;"478";"18.35"
2881;"478";"19.62"
2882;"478";"16.66"
2883;"479";"11.84"
2884;"479";"11.75"
2885;"479";"10.91"
2886;"479";"10.09"
2887;"479";"10.75"
2888;"479";"12.0"
2889;"479";"13.66"
2890;"480";"19.94"
2891;"480";"19.77"
2892;"480";"17.71"
2893;"480";"18.64"
2894;"481";"1.03"
2895;"481";"1.96"
2896;"481";"1.01"
2897;"481";"2.77"
2898;"481";"0.72"
2899;"481";"2.92"
2900;"482";"7.6"
2901;"482";"9.4"
2902;"482";"7.02"
2903;"482";"6.59"
2904;"482";"5.7"
2905;"483";"17.55"
2906;"483";"19.55"
2907;"483";"19.3"
2908;"483";"15.96"
2909;"484";"11.9"
2910;"484";"12.54"
2911;"484";"10.24"
2912;"484";"14.87"
2913;"484";"12.9"
2914;"484";"14.75"
2915;"484";"11.92"
2916;"485";"10.04"
2917;"485";"10.67"
2918;"485";"11.38"
2919;"485";"12.32"
2920;"485";"12.8"
2921;"486";"11.25"
2922;"486";"11.09"
2923;"486";"12.26"
2924;"486";"11.89"
2925;"486";"13.6"
2926;"486";"12.41"
2927;"486";"10.7"
2928;"486";"10.91"
2929;"487";"11.19"
2930;"487";"14.62"
2931;"487";"13.55"
2932;"487";"14.96"
2933;"487";"12.5"
2934;"487";"12.55"
2935;"488";"12.6"
2936;"488";"14.45"
2937;"488";"13.25"
2938;"488";"10.37"
2939;"488";"12.35"
2940;"488";"10.18"
2941;"489";"10.64"
2942;"489";"13.26"
2943;"489";"13.12"
2944;"489";"13.62"
2945;"490";"14.45"
2946;"490";"13.53"
2947;"490";"14.96"
2948;"490";"12.52"
2949;"491";"15.0"
2950;"491";"16.92"
2951;"491";"19.96"
2952;"491";"16.53"
2953;"491";"17.14"
2954;"491";"18.35"
2955;"492";"0.5"
2956;"492";"1.57"
2957;"492";"3.56"
2958;"492";"1.14"
2959;"492";"4.02"
2960;"492";"3.05"
2961;"493";"13.9"
2962;"493";"10.29"
2963;"493";"13.56"
2964;"493";"11.58"
2965;"493";"10.13"
2966;"493";"12.39"
2967;"493";"13.33"
2968;"493";"13.32"
2969;"494";"16.67"
2970;"494";"15.12"
2971;"494";"15.92"
2972;"494";"19.07"
2973;"494";"19.46"
2974;"494";"17.81"
2975;"494";"15.8"
2976;"494";"16.89"
2977;"495";"9.07"
2978;"495";"6.76"
2979;"495";"6.34"
2980;"495";"5.59"
2981;"495";"8.38"
2982;"496";"19.04"
2983;"496";"18.25"
2984;"496";"18.52"
2985;"496";"19.6"
2986;"496";"19.05"
2987;"496";"17.22"
2988;"497";"8.23"
2989;"497";"9.5"
2990;"497";"9.0"
2991;"497";"8.03"
2992;"498";"17.1"
2993;"498";"15.0"
2994;"498";"17.39"
2995;"498";"17.06"
2996;"498";"18.9"
2997;"499";"10.94"
2998;"499";"13.06"
2999;"499";"14.07"
3000;"499";"13.56"
3001;"500";"11.99"
3002;"500";"14.96"
3003;"500";"13.0"
3004;"500";"13.27"
3005;"500";"11.9"
3006;"500";"10.5"
3007;"500";"13.66"
3008;"501";"15.76"
3009;"501";"16.83"
3010;"501";"17.74"
3011;"501";"17.61"
3012;"501";"15.36"
3013;"501";"16.34"
3014;"501";"19.73"
3015;"502";"2.19"
3016;"502";"0.27"
3017;"502";"1.46"
3018;"502";"3.57"
3019;"503";"11.81"
3020;"503";"10.18"
3021;"503";"12.98"
3022;"503";"14.82"
3023;"503";"13.12"
3024;"503";"11.49"
3025;"503";"12.82"
3026;"503";"14.61"
3027;"504";"17.63"
3028;"504";"16.9"
3029;"504";"16.43"
3030;"504";"16.82"
3031;"504";"19.47"
3032;"504";"17.32"
3033;"504";"19.27"
3034;"504";"16.93"
3035;"505";"12.44"
3036;"505";"10.61"
3037;"505";"12.99"
3038;"505";"11.0"
3039;"505";"14.59"
3040;"505";"10.86"
3041;"506";"13.25"
3042;"506";"12.96"
3043;"506";"14.85"
3044;"506";"14.03"
3045;"506";"14.5"
3046;"507";"14.89"
3047;"507";"11.46"
3048;"507";"13.07"
3049;"507";"14.57"
3050;"507";"13.43"
3051;"507";"11.11"
3052;"507";"13.44"
